-- Выдача
INSERT INTO Выдача (NumberClaim, Finish) VALUES
(1, 0),
(2, 1),
(3, 0),
(4, 1),
(5, 0),
(6, 1),
(7, 0),
(8, 1),
(9, 0),
(10, 1),
(11, 0),
(12, 1),
(13, 0),
(14, 1),
(15, 0),
(16, 1),
(17, 0),
(18, 1),
(19, 0),
(20, 1);

-- Выход_техники
INSERT INTO Выход_техники (NumberClaim, Inspector, Time) VALUES
(1, '2023-03-08', '10:00'),
(2, '2023-03-09', '11:00'),
(3, '2023-03-10', '12:00'),
(4, '2023-03-11', '13:00'),
(5, '2023-03-12', '14:00'),
(6, '2023-03-13', '15:00'),
(7, '2023-03-14', '16:00'),
(8, '2023-03-15', '17:00'),
(9, '2023-03-16', '18:00'),
(10, '2023-03-17', '19:00'),
(11, '2023-03-18', '20:00'),
(12, '2023-03-19', '21:00'),
(13, '2023-03-20', '22:00'),
(14, '2023-03-21', '23:00'),
(15, '2023-03-22', '00:00'),
(16, '2023-03-23', '01:00'),
(17, '2023-03-24', '02:00'),
(18, '2023-03-25', '03:00'),
(19, '2023-03-26', '04:00'),
(20, '2023-03-27', '05:00');

-- Заявки
INSERT INTO Заявки (NumberClaim, Name, Phone, Receipt, Bank, Account, Address, District, DateStart, Document, Speed, DateStop, Cost) VALUES
(1, 'Иванов Иван Иванович', '89001234567', 1, 'Сбербанк', '40817810912345678912', 'ул. Ленина, д. 1, кв. 1', 'Центральный', '2023-03-01', 'Паспорт РФ', 1, '2023-03-31', 10000),
(2, 'Петрова Мария Сергеевна', '89002345678', 0, NULL, NULL, 'ул. Мира, д. 2, кв. 2', 'Западный', '2023-03-02', 'Водительское удостоверение', 0, '2023-04-01', 12000),
(3, 'Сидоров Алексей Петрович', '89003456789', 1, 'ВТБ', '42763879123456789012', 'ул. Пушкина, д. 3, кв. 3', 'Восточный', '2023-03-03', 'Загранпаспорт', 1, '2023-04-02', 15000),
(4, 'Васильева Екатерина Андреевна', '89004567890', 0, NULL, NULL, 'ул. Гагарина, д. 4, кв. 4', 'Северный', '2023-03-04', 'Свидетельство о рождении', 0, '2023-04-03', 8000),
(5, 'Кузнецов Дмитрий Сергеевич', '89005678901', 1, 'Альфа-Банк', '45896321987654321012', 'ул. Кирова, д. 5, кв. 5', 'Южный', '2023-03-05', 'Военный билет', 1, '2023-04-04', 11000),
(6, 'Попова Ольга Николаевна', '89006789012', 0, NULL, NULL, 'ул. Советская, д. 6, кв. 6', 'Центральный', '2023-03-06', 'ИНН', 0, '2023-04-05', 9000),
(7, 'Соколов Александр Иванович', '89007890123', 1, 'Сбербанк', '40817810912345678913', 'ул. Победы, д. 7, кв. 7', 'Западный', '2023-03-07', 'СНИЛС', 1, '2023-04-06', 14000),
(8, 'Новикова Анна Владимировна', '89008901234', 0, NULL, NULL, 'ул. Октябрьская, д. 8, кв. 8', 'Восточный', '2023-03-08', 'Полис ОМС', 0, '2023-04-07', 10000),
(9, 'Морозов Сергей Алексеевич', '89009012345', 1, 'ВТБ', '42763879123456789013', 'ул. Комсомольская, д. 9, кв. 9', 'Северный', '2023-03-09', 'Диплом об образовании', 1, '2023-04-08', 13000),
(10, 'Волкова Наталья Дмитриевна', '89010123456', 0, NULL, NULL, 'ул. Пионерская, д. 10, кв. 10', 'Южный', '2023-03-10', 'Трудовая книжка', 0, '2023-04-09', 12000),
(11, 'Захаров Андрей Сергеевич', '89011234567', 1, 'Альфа-Банк', '45896321987654321013', 'ул. Строителей, д. 11, кв. 11', 'Центральный', '2023-03-11', 'Справка о доходах', 1, '2023-04-10', 15000),
(12, 'Куликова Елена Ивановна', '89012345678', 0, NULL, NULL, 'ул. Молодежная, д. 12, кв. 12', 'Западный', '2023-03-12', 'Выписка из домовой книги', 0, '2023-04-11', 9000),
(13, 'Иванов Иван Иванович', '89013456789', 1, 'Сбербанк', '40817810912345678914', 'ул. Ленина, д. 13, кв. 13', 'Восточный', '2023-03-13', 'Паспорт РФ', 1, '2023-04-12', 10000),
(14, 'Петрова Мария Сергеевна', '89014567890', 0, NULL, NULL, 'ул. Мира, д. 14, кв. 14', 'Северный', '2023-03-14', 'Водительское удостоверение', 0, '2023-04-13', 12000),
(15, 'Сидоров Алексей Петрович', '89015678901', 1, 'ВТБ', '42763879123456789015', 'ул. Пушкина, д. 15, кв. 15', 'Южный', '2023-03-15', 'Загранпаспорт', 1, '2023-04-14', 15000),
(16, 'Васильева Екатерина Андреевна', '89016789012', 0, NULL, NULL, 'ул. Гагарина, д. 16, кв. 16', 'Центральный', '2023-03-16', 'Свидетельство о рождении', 0, '2023-04-15', 8000),
(17, 'Кузнецов Дмитрий Сергеевич', '89017890123', 1, 'Альфа-Банк', '45896321987654321016', 'ул. Кирова, д. 17, кв. 17', 'Западный', '2023-03-17', 'Военный билет', 1, '2023-04-16', 11000),
(18, 'Попова Ольга Николаевна', '89018901234', 0, NULL, NULL, 'ул. Советская, д. 18, кв. 18', 'Восточный', '2023-03-18', 'ИНН', 0, '2023-04-17', 9000),
(19, 'Соколов Александр Иванович', '89019012345', 1, 'Сбербанк', '40817810912345678917', 'ул. Победы, д. 19, кв. 19', 'Северный', '2023-03-19', 'СНИЛС', 1, '2023-04-18', 14000),
(20, 'Новикова Анна Владимировна', '89020123456', 0, NULL, NULL, 'ул. Октябрьская, д. 20, кв. 20', 'Южный', '2023-03-20', 'Полис ОМС', 0, '2023-04-19', 10000);

-- а)
INSERT INTO Выдача (NumberClaim, Finish) VALUES (1, 0);
INSERT INTO Выдача (NumberClaim, Finish) VALUES (2, 1);
INSERT INTO Выдача (NumberClaim, Finish) VALUES (3, 0);
INSERT INTO Выдача (NumberClaim, Finish) VALUES (4, 1);
INSERT INTO Выдача (NumberClaim, Finish) VALUES (5, 0);
INSERT INTO Выдача (NumberClaim, Finish) VALUES (6, 1);
INSERT INTO Выдача (NumberClaim, Finish) VALUES (7, 0);
INSERT INTO Выдача (NumberClaim, Finish) VALUES (8, 1);
INSERT INTO Выдача (NumberClaim, Finish) VALUES (9, 0);
INSERT INTO Выдача (NumberClaim, Finish) VALUES (10, 1);
INSERT INTO Выдача (NumberClaim, Finish) VALUES (11, 0);
INSERT INTO Выдача (NumberClaim, Finish) VALUES (12, 1);
INSERT INTO Выдача (NumberClaim, Finish) VALUES (13, 0);
INSERT INTO Выдача (NumberClaim, Finish) VALUES (14, 1);
INSERT INTO Выдача (NumberClaim, Finish) VALUES (15, 0);
INSERT INTO Выдача (NumberClaim, Finish) VALUES (16, 1);
INSERT INTO Выдача (NumberClaim, Finish) VALUES (17, 0);
INSERT INTO Выдача (NumberClaim, Finish) VALUES (18, 1);
INSERT INTO Выдача (NumberClaim, Finish) VALUES (19, 0);
INSERT INTO Выдача (NumberClaim, Finish) VALUES (20, 1);

INSERT INTO Выход_техники (NumberClaim, Inspector, Time) VALUES (1, '2023-03-21', '10:00');
INSERT INTO Выход_техники (NumberClaim, Inspector, Time) VALUES (2, '2023-03-22', '11:00');
INSERT INTO Выход_техники (NumberClaim, Inspector, Time) VALUES (3, '2023-03-23', '12:00');
INSERT INTO Выход_техники (NumberClaim, Inspector, Time) VALUES (4, '2023-03-24', '13:00');
INSERT INTO Выход_техники (NumberClaim, Inspector, Time) VALUES (5, '2023-03-25', '14:00');
INSERT INTO Выход_техники (NumberClaim, Inspector, Time) VALUES (6, '2023-03-26', '15:00');
INSERT INTO Выход_техники (NumberClaim, Inspector, Time) VALUES (7, '2023-03-27', '16:00');
INSERT INTO Выход_техники (NumberClaim, Inspector, Time) VALUES (8, '2023-03-28', '17:00');
INSERT INTO Выход_техники (NumberClaim, Inspector, Time) VALUES (9, '2023-03-29', '18:00');

INSERT INTO Исполнение (NumberClaim, Chief, Worker, DateWorker, Helper)
VALUES
(1, 'Иванов И.И.', 'Петров П.П.', '2023-03-08', 'Сидоров С.С.'),
(2, 'Петрова П.П.', 'Иванов И.И.', '2023-03-10', 'Кузнецов К.К.'),
(3, 'Сидоров С.С.', 'Петрова П.П.', '2023-03-12', 'Иванов И.И.'),
(4, 'Кузнецов К.К.', 'Сидоров С.С.', '2023-03-14', 'Петрова П.П.'),
(5, 'Иванов И.И.', 'Кузнецов К.К.', '2023-03-16', 'Сидоров С.С.'),
(6, 'Петрова П.П.', 'Иванов И.И.', '2023-03-18', 'Кузнецов К.К.'),
(7, 'Сидоров С.С.', 'Петрова П.П.', '2023-03-20', 'Иванов И.И.'),
(8, 'Кузнецов К.К.', 'Сидоров С.С.', '2023-03-22', 'Петрова П.П.'),
(9, 'Иванов И.И.', 'Кузнецов К.К.', '2023-03-24', 'Сидоров С.С.'),
(10, 'Петрова П.П.', 'Иванов И.И.', '2023-03-26', 'Кузнецов К.К.'),
(11, 'Сидоров С.С.', 'Петрова П.П.', '2023-03-28', 'Иванов И.И.'),
(12, 'Кузнецов К.К.', 'Сидоров С.С.', '2023-03-30', 'Петрова П.П.'),
(13, 'Иванов И.И.', 'Кузнецов К.К.', '2023-04-01', 'Сидоров С.С.'),
(14, 'Петрова П.П.', 'Иванов И.И.', '2023-04-03', 'Кузнецов К.К.'),
(15, 'Сидоров С.С.', 'Петрова П.П.', '2023-04-05', 'Иванов И.И.'),
(16, 'Кузнецов К.К.', 'Сидоров С.С.', '2023-04-07', 'Петрова П.П.'),
(17, 'Иванов И.И.', 'Кузнецов К.К.', '2023-04-09', 'Сидоров С.С.'),
(18, 'Петрова П.П.', 'Иванов И.И.', '2023-04-11', 'Кузнецов К.К.'),
(19, 'Сидоров С.С.', 'Петрова П.П.', '2023-04-13', 'Иванов И.И.'),
(20, 'Кузнецов К.К.', 'Сидоров С.С.', '2023-04-15', 'Петрова П.П.');

INSERT INTO Оплата (NumberClaim, Cash, DateCost, Value)
VALUES
(1, 1, '2023-03-08', 10000),
(2, 0, '2023-03-10', 12000),
(3, 1, '2023-03-12', 14000),
(4, 0, '2023-03-14', 16000),
(5, 1, '2023-03-16', 18000),
(6, 0, '2023-03-18', 20000),
(7, 1, '2023-03-20', 22000),
(8, 0, '2023-03-22', 24000),
(9, 1, '2023-03-24', 26000),
(10, 0, '2023-03-26', 28000),
(11, 1, '2023-03-28', 30000),
(12, 0, '2023-03-30', 32000),
(13, 1, '2023-04-01', 34000),
(14, 0, '2023-04-03', 36000),
(15, 1, '2023-04-05', 38000),
(16, 0, '2023-04-07', 40000),
(17, 1, '2023-04-09', 42000),
(18, 0, '2023-04-11', 44000),
(19, 1, '2023-04-13', 46000),
(20, 0, '2023-04-15', 48000);
